<metadata xml:lang="en"><Esri><CreaDate>20170218</CreaDate><CreaTime>21560100</CreaTime><SyncOnce>FALSE</SyncOnce><ArcGISFormat>1.0</ArcGISFormat><ArcGISstyle>FGDC CSDGM Metadata</ArcGISstyle><DataProperties><itemProps><itemLocation><linkage Sync="TRUE">file://\\roswell\files\GIS\Patrick\PROJECTS\2024\240117_Jacobs_Infrastructure\data\Hydrants_240122.shp</linkage><protocol Sync="TRUE">Local Area Network</protocol></itemLocation><itemName Sync="TRUE">Hydrants_240122</itemName><imsContentType Sync="TRUE">002</imsContentType><nativeExtBox><westBL Sync="TRUE">2220217.536414</westBL><eastBL Sync="TRUE">2266677.220397</eastBL><southBL Sync="TRUE">1446208.838911</southBL><northBL Sync="TRUE">1494597.188985</northBL><exTypeCode Sync="TRUE">1</exTypeCode></nativeExtBox><relatedItems><item><itemName/></item><item><itemName Sync="TRUE">roswell_vector_LGIM.DBO.wHyd__AR</itemName><itemType Sync="TRUE">Relationship</itemType></item><item><itemName Sync="TRUE">roswell_vector_LGIM.DBO.wHydrant__ATTACHREL_hydFireFlow</itemName><itemType Sync="TRUE">Relationship</itemType></item><item><itemName Sync="TRUE">roswell_vector_LGIM.DBO.wHydrant__ATTACHREL_hydFlushing</itemName><itemType Sync="TRUE">Relationship</itemType></item><item><itemName Sync="TRUE">roswell_vector_LGIM.DBO.wHydrant__ATTACHREL_hydRepair</itemName><itemType Sync="TRUE">Relationship</itemType></item><item><itemName Sync="TRUE">roswell_vector_LGIM.DBO.wHydrant__ATTACHREL_hydMaintenance</itemName><itemType Sync="TRUE">Relationship</itemType></item></relatedItems><itemSize Sync="TRUE">0.000</itemSize></itemProps><coordRef><type Sync="TRUE">Projected</type><geogcsn Sync="TRUE">GCS_North_American_1983</geogcsn><projcsn Sync="TRUE">NAD_1983_StatePlane_Georgia_West_FIPS_1002_Feet</projcsn><peXml Sync="TRUE">&lt;ProjectedCoordinateSystem xsi:type='typens:ProjectedCoordinateSystem' xmlns:xsi='http://www.w3.org/2001/XMLSchema-instance' xmlns:xs='http://www.w3.org/2001/XMLSchema' xmlns:typens='http://www.esri.com/schemas/ArcGIS/3.1.0'&gt;&lt;WKT&gt;PROJCS[&amp;quot;NAD_1983_StatePlane_Georgia_West_FIPS_1002_Feet&amp;quot;,GEOGCS[&amp;quot;GCS_North_American_1983&amp;quot;,DATUM[&amp;quot;D_North_American_1983&amp;quot;,SPHEROID[&amp;quot;GRS_1980&amp;quot;,6378137.0,298.257222101]],PRIMEM[&amp;quot;Greenwich&amp;quot;,0.0],UNIT[&amp;quot;Degree&amp;quot;,0.0174532925199433]],PROJECTION[&amp;quot;Transverse_Mercator&amp;quot;],PARAMETER[&amp;quot;False_Easting&amp;quot;,2296583.333333333],PARAMETER[&amp;quot;False_Northing&amp;quot;,0.0],PARAMETER[&amp;quot;Central_Meridian&amp;quot;,-84.16666666666667],PARAMETER[&amp;quot;Scale_Factor&amp;quot;,0.9999],PARAMETER[&amp;quot;Latitude_Of_Origin&amp;quot;,30.0],UNIT[&amp;quot;Foot_US&amp;quot;,0.3048006096012192],AUTHORITY[&amp;quot;EPSG&amp;quot;,2240]]&lt;/WKT&gt;&lt;XOrigin&gt;-16150100&lt;/XOrigin&gt;&lt;YOrigin&gt;-43703500&lt;/YOrigin&gt;&lt;XYScale&gt;137255279.03396165&lt;/XYScale&gt;&lt;ZOrigin&gt;-100000&lt;/ZOrigin&gt;&lt;ZScale&gt;10000&lt;/ZScale&gt;&lt;MOrigin&gt;-100000&lt;/MOrigin&gt;&lt;MScale&gt;10000&lt;/MScale&gt;&lt;XYTolerance&gt;0.0032808333333333331&lt;/XYTolerance&gt;&lt;ZTolerance&gt;0.001&lt;/ZTolerance&gt;&lt;MTolerance&gt;0.001&lt;/MTolerance&gt;&lt;HighPrecision&gt;true&lt;/HighPrecision&gt;&lt;WKID&gt;102667&lt;/WKID&gt;&lt;LatestWKID&gt;2240&lt;/LatestWKID&gt;&lt;/ProjectedCoordinateSystem&gt;</peXml><csUnits Sync="TRUE">Linear Unit: Foot_US (0.304801)</csUnits></coordRef><lineage><Process ToolSource="c:\program files (x86)\arcgis\desktop10.1\ArcToolbox\Toolboxes\Data Management Tools.tbx\CalculateField" Date="20120911" Time="104851">CalculateField "C:\Users\scot6032\Documents\Application Templates\Local Government\MapsandApps(ver10.1)\LGIM Future Release\Naperville\LocalGovernment.gdb\WaterDistribution\wHydrant" LASTEDITOR "Esri" PYTHON #</Process><Process ToolSource="c:\program files (x86)\arcgis\desktop10.1\ArcToolbox\Toolboxes\Data Management Tools.tbx\CalculateField" Date="20120911" Time="110826">CalculateField "C:\Users\scot6032\Documents\Application Templates\Local Government\MapsandApps(ver10.1)\LGIM Future Release\Naperville\LocalGovernment.gdb\WaterDistribution\wHydrant" LASTEDITOR "Esri" PYTHON #</Process><Process ToolSource="c:\program files (x86)\arcgis\desktop10.1\ArcToolbox\Toolboxes\Data Management Tools.tbx\CalculateField" Date="20120911" Time="112439">CalculateField "C:\Users\scot6032\Documents\Application Templates\Local Government\MapsandApps(ver10.1)\LGIM Future Release\Naperville\LocalGovernment.gdb\WaterDistribution\wHydrant" LASTEDITOR "Esri" PYTHON #</Process><Process ToolSource="c:\program files (x86)\arcgis\desktop10.2\ArcToolbox\Toolboxes\Data Management Tools.tbx\CalculateField" Date="20150518" Time="095938">CalculateField "Water Hydrants" LASTEDITOR 'Esri' PYTHON_9.3 #</Process><Process ToolSource="c:\program files\arcgis\desktop10.3\ArcToolbox\Toolboxes\Data Management Tools.tbx\AddField" Date="20160114" Time="144216">AddField \\GISDATA4\Client_Data\RoswellGA\EPWLGIM\LGIM.gdb\wHydrant it_RecNo_ DOUBLE # # # # NULLABLE NON_REQUIRED #</Process><Process ToolSource="c:\program files\arcgis\desktop10.3\ArcToolbox\Toolboxes\Data Management Tools.tbx\AddField" Date="20160114" Time="144222">AddField \\GISDATA4\Client_Data\RoswellGA\EPWLGIM\LGIM.gdb\wHydrant Name_ TEXT # # 16 # NULLABLE NON_REQUIRED #</Process><Process ToolSource="c:\program files\arcgis\desktop10.3\ArcToolbox\Toolboxes\Data Management Tools.tbx\AddField" Date="20160114" Time="144227">AddField \\GISDATA4\Client_Data\RoswellGA\EPWLGIM\LGIM.gdb\wHydrant Z_ DOUBLE # # # # NULLABLE NON_REQUIRED #</Process><Process ToolSource="c:\program files\arcgis\desktop10.3\ArcToolbox\Toolboxes\Data Management Tools.tbx\AddField" Date="20160114" Time="144233">AddField \\GISDATA4\Client_Data\RoswellGA\EPWLGIM\LGIM.gdb\wHydrant Style_ LONG # # # # NULLABLE NON_REQUIRED #</Process><Process ToolSource="c:\program files\arcgis\desktop10.3\ArcToolbox\Toolboxes\Data Management Tools.tbx\AddField" Date="20160114" Time="144239">AddField \\GISDATA4\Client_Data\RoswellGA\EPWLGIM\LGIM.gdb\wHydrant Font_ TEXT # # 32 # NULLABLE NON_REQUIRED #</Process><Process ToolSource="c:\program files\arcgis\desktop10.3\ArcToolbox\Toolboxes\Data Management Tools.tbx\AddField" Date="20160114" Time="144244">AddField \\GISDATA4\Client_Data\RoswellGA\EPWLGIM\LGIM.gdb\wHydrant Color_ DOUBLE # # # # NULLABLE NON_REQUIRED #</Process><Process ToolSource="c:\program files\arcgis\desktop10.3\ArcToolbox\Toolboxes\Data Management Tools.tbx\AddField" Date="20160114" Time="144252">AddField \\GISDATA4\Client_Data\RoswellGA\EPWLGIM\LGIM.gdb\wHydrant SymbolSize_ DOUBLE # # # # NULLABLE NON_REQUIRED #</Process><Process ToolSource="c:\program files\arcgis\desktop10.3\ArcToolbox\Toolboxes\Data Management Tools.tbx\AddField" Date="20160114" Time="144302">AddField \\GISDATA4\Client_Data\RoswellGA\EPWLGIM\LGIM.gdb\wHydrant it_Edit_ LONG # # # # NULLABLE NON_REQUIRED #</Process><Process ToolSource="c:\program files\arcgis\desktop10.3\ArcToolbox\Toolboxes\Data Management Tools.tbx\AddField" Date="20160114" Time="144311">AddField \\GISDATA4\Client_Data\RoswellGA\EPWLGIM\LGIM.gdb\wHydrant idx_index_ DOUBLE # # # # NULLABLE NON_REQUIRED #</Process><Process ToolSource="c:\program files\arcgis\desktop10.3\ArcToolbox\Toolboxes\Data Management Tools.tbx\AddField" Date="20160114" Time="144318">AddField \\GISDATA4\Client_Data\RoswellGA\EPWLGIM\LGIM.gdb\wHydrant idx_code_ TEXT # # 32 # NULLABLE NON_REQUIRED #</Process><Process ToolSource="c:\program files\arcgis\desktop10.3\ArcToolbox\Toolboxes\Data Management Tools.tbx\AddField" Date="20160114" Time="144325">AddField \\GISDATA4\Client_Data\RoswellGA\EPWLGIM\LGIM.gdb\wHydrant it_GeoNm_ TEXT # # 16 # NULLABLE NON_REQUIRED #</Process><Process ToolSource="c:\program files\arcgis\desktop10.3\ArcToolbox\Toolboxes\Data Management Tools.tbx\AddField" Date="20160114" Time="144335">AddField \\GISDATA4\Client_Data\RoswellGA\EPWLGIM\LGIM.gdb\wHydrant it_GeoId_ DOUBLE # # # # NULLABLE NON_REQUIRED #</Process><Process ToolSource="c:\program files\arcgis\desktop10.3\ArcToolbox\Toolboxes\Data Management Tools.tbx\AddField" Date="20160114" Time="144342">AddField \\GISDATA4\Client_Data\RoswellGA\EPWLGIM\LGIM.gdb\wHydrant it_Status_ DOUBLE # # # # NULLABLE NON_REQUIRED #</Process><Process ToolSource="c:\program files\arcgis\desktop10.3\ArcToolbox\Toolboxes\Data Management Tools.tbx\AddField" Date="20160114" Time="144350">AddField \\GISDATA4\Client_Data\RoswellGA\EPWLGIM\LGIM.gdb\wHydrant it_STime_ DOUBLE # # # # NULLABLE NON_REQUIRED #</Process><Process ToolSource="c:\program files\arcgis\desktop10.3\ArcToolbox\Toolboxes\Data Management Tools.tbx\AddField" Date="20160114" Time="144358">AddField \\GISDATA4\Client_Data\RoswellGA\EPWLGIM\LGIM.gdb\wHydrant it_Ocp_ DOUBLE # # # # NULLABLE NON_REQUIRED #</Process><Process ToolSource="c:\program files\arcgis\desktop10.3\ArcToolbox\Toolboxes\Data Management Tools.tbx\AddField" Date="20160114" Time="144406">AddField \\GISDATA4\Client_Data\RoswellGA\EPWLGIM\LGIM.gdb\wHydrant it_Std_ DOUBLE # # # # NULLABLE NON_REQUIRED #</Process><Process ToolSource="c:\program files\arcgis\desktop10.3\ArcToolbox\Toolboxes\Data Management Tools.tbx\AddField" Date="20160114" Time="144415">AddField \\GISDATA4\Client_Data\RoswellGA\EPWLGIM\LGIM.gdb\wHydrant it_PDOP_ DOUBLE # # # # NULLABLE NON_REQUIRED #</Process><Process ToolSource="c:\program files\arcgis\desktop10.3\ArcToolbox\Toolboxes\Data Management Tools.tbx\AddField" Date="20160114" Time="144422">AddField \\GISDATA4\Client_Data\RoswellGA\EPWLGIM\LGIM.gdb\wHydrant it_AntHgt_ DOUBLE # # # # NULLABLE NON_REQUIRED #</Process><Process ToolSource="c:\program files\arcgis\desktop10.3\ArcToolbox\Toolboxes\Data Management Tools.tbx\AddField" Date="20160114" Time="144430">AddField \\GISDATA4\Client_Data\RoswellGA\EPWLGIM\LGIM.gdb\wHydrant OrZ_ DOUBLE # # # # NULLABLE NON_REQUIRED #</Process><Process ToolSource="c:\program files\arcgis\desktop10.3\ArcToolbox\Toolboxes\Data Management Tools.tbx\AddField" Date="20160114" Time="144438">AddField \\GISDATA4\Client_Data\RoswellGA\EPWLGIM\LGIM.gdb\wHydrant Zones_ TEXT # # 16 # NULLABLE NON_REQUIRED #</Process><Process ToolSource="c:\program files\arcgis\desktop10.3\ArcToolbox\Toolboxes\Data Management Tools.tbx\AddField" Date="20160114" Time="144445">AddField \\GISDATA4\Client_Data\RoswellGA\EPWLGIM\LGIM.gdb\wHydrant Address_ TEXT # # 16 # NULLABLE NON_REQUIRED #</Process><Process ToolSource="c:\program files\arcgis\desktop10.3\ArcToolbox\Toolboxes\Data Management Tools.tbx\AddField" Date="20160114" Time="144452">AddField \\GISDATA4\Client_Data\RoswellGA\EPWLGIM\LGIM.gdb\wHydrant Str_name_ TEXT # # 16 # NULLABLE NON_REQUIRED #</Process><Process ToolSource="c:\program files\arcgis\desktop10.3\ArcToolbox\Toolboxes\Data Management Tools.tbx\AddField" Date="20160114" Time="144501">AddField \\GISDATA4\Client_Data\RoswellGA\EPWLGIM\LGIM.gdb\wHydrant Str_desg_ TEXT # # 16 # NULLABLE NON_REQUIRED #</Process><Process ToolSource="c:\program files\arcgis\desktop10.3\ArcToolbox\Toolboxes\Data Management Tools.tbx\AddField" Date="20160114" Time="144508">AddField \\GISDATA4\Client_Data\RoswellGA\EPWLGIM\LGIM.gdb\wHydrant Phy_desc_ TEXT # # 16 # NULLABLE NON_REQUIRED #</Process><Process ToolSource="c:\program files\arcgis\desktop10.3\ArcToolbox\Toolboxes\Data Management Tools.tbx\AddField" Date="20160114" Time="144515">AddField \\GISDATA4\Client_Data\RoswellGA\EPWLGIM\LGIM.gdb\wHydrant Phy_des2_ TEXT # # 16 # NULLABLE NON_REQUIRED #</Process><Process ToolSource="c:\program files\arcgis\desktop10.3\ArcToolbox\Toolboxes\Data Management Tools.tbx\AddField" Date="20160114" Time="144524">AddField \\GISDATA4\Client_Data\RoswellGA\EPWLGIM\LGIM.gdb\wHydrant Hydr_Num_ TEXT # # 16 # NULLABLE NON_REQUIRED #</Process><Process ToolSource="c:\program files\arcgis\desktop10.3\ArcToolbox\Toolboxes\Data Management Tools.tbx\AddField" Date="20160114" Time="144532">AddField \\GISDATA4\Client_Data\RoswellGA\EPWLGIM\LGIM.gdb\wHydrant Old_Hydr_ TEXT # # 16 # NULLABLE NON_REQUIRED #</Process><Process ToolSource="c:\program files\arcgis\desktop10.3\ArcToolbox\Toolboxes\Data Management Tools.tbx\AddField" Date="20160114" Time="144539">AddField \\GISDATA4\Client_Data\RoswellGA\EPWLGIM\LGIM.gdb\wHydrant Owner_ TEXT # # 16 # NULLABLE NON_REQUIRED #</Process><Process ToolSource="c:\program files\arcgis\desktop10.3\ArcToolbox\Toolboxes\Data Management Tools.tbx\AddField" Date="20160114" Time="144551">AddField \\GISDATA4\Client_Data\RoswellGA\EPWLGIM\LGIM.gdb\wHydrant Ctrl_Val_ TEXT # # 16 # NULLABLE NON_REQUIRED #</Process><Process ToolSource="c:\program files\arcgis\desktop10.3\ArcToolbox\Toolboxes\Data Management Tools.tbx\AddField" Date="20160114" Time="144559">AddField \\GISDATA4\Client_Data\RoswellGA\EPWLGIM\LGIM.gdb\wHydrant Main_Size_ TEXT # # 16 # NULLABLE NON_REQUIRED #</Process><Process ToolSource="c:\program files\arcgis\desktop10.3\ArcToolbox\Toolboxes\Data Management Tools.tbx\AddField" Date="20160114" Time="144607">AddField \\GISDATA4\Client_Data\RoswellGA\EPWLGIM\LGIM.gdb\wHydrant Ser_Codes_ TEXT # # 16 # NULLABLE NON_REQUIRED #</Process><Process ToolSource="c:\program files\arcgis\desktop10.3\ArcToolbox\Toolboxes\Data Management Tools.tbx\AddField" Date="20160114" Time="144615">AddField \\GISDATA4\Client_Data\RoswellGA\EPWLGIM\LGIM.gdb\wHydrant XCoordinate_ DOUBLE # # # # NULLABLE NON_REQUIRED #</Process><Process ToolSource="c:\program files\arcgis\desktop10.3\ArcToolbox\Toolboxes\Data Management Tools.tbx\AddField" Date="20160114" Time="144623">AddField \\GISDATA4\Client_Data\RoswellGA\EPWLGIM\LGIM.gdb\wHydrant YCoordinate_ DOUBLE # # # # NULLABLE NON_REQUIRED #</Process><Process ToolSource="c:\program files\arcgis\desktop10.3\ArcToolbox\Toolboxes\Data Management Tools.tbx\AddField" Date="20160114" Time="144630">AddField \\GISDATA4\Client_Data\RoswellGA\EPWLGIM\LGIM.gdb\wHydrant Enabled_ SHORT # # # # NULLABLE NON_REQUIRED #</Process><Process ToolSource="c:\program files\arcgis\desktop10.3\ArcToolbox\Toolboxes\Data Management Tools.tbx\AddField" Date="20160114" Time="144639">AddField \\GISDATA4\Client_Data\RoswellGA\EPWLGIM\LGIM.gdb\wHydrant it_Key_ DOUBLE # # # # NULLABLE NON_REQUIRED #</Process><Process ToolSource="c:\program files\arcgis\desktop10.3\ArcToolbox\Toolboxes\Data Management Tools.tbx\AddField" Date="20160114" Time="144646">AddField \\GISDATA4\Client_Data\RoswellGA\EPWLGIM\LGIM.gdb\wHydrant it_RecNo_ DOUBLE # # # # NULLABLE NON_REQUIRED #</Process><Process ToolSource="c:\program files\arcgis\desktop10.3\ArcToolbox\Toolboxes\Data Management Tools.tbx\AddField" Date="20160114" Time="144656">AddField \\GISDATA4\Client_Data\RoswellGA\EPWLGIM\LGIM.gdb\wHydrant Name_ TEXT # # 16 # NULLABLE NON_REQUIRED #</Process><Process ToolSource="c:\program files\arcgis\desktop10.3\ArcToolbox\Toolboxes\Data Management Tools.tbx\AddField" Date="20160114" Time="144704">AddField \\GISDATA4\Client_Data\RoswellGA\EPWLGIM\LGIM.gdb\wHydrant Z_ DOUBLE # # # # NULLABLE NON_REQUIRED #</Process><Process ToolSource="c:\program files\arcgis\desktop10.3\ArcToolbox\Toolboxes\Data Management Tools.tbx\AddField" Date="20160114" Time="144710">AddField \\GISDATA4\Client_Data\RoswellGA\EPWLGIM\LGIM.gdb\wHydrant Style_ LONG # # # # NULLABLE NON_REQUIRED #</Process><Process ToolSource="c:\program files\arcgis\desktop10.3\ArcToolbox\Toolboxes\Data Management Tools.tbx\AddField" Date="20160114" Time="144718">AddField \\GISDATA4\Client_Data\RoswellGA\EPWLGIM\LGIM.gdb\wHydrant Font_ TEXT # # 32 # NULLABLE NON_REQUIRED #</Process><Process ToolSource="c:\program files\arcgis\desktop10.3\ArcToolbox\Toolboxes\Data Management Tools.tbx\AddField" Date="20160114" Time="144725">AddField \\GISDATA4\Client_Data\RoswellGA\EPWLGIM\LGIM.gdb\wHydrant Color_ DOUBLE # # # # NULLABLE NON_REQUIRED #</Process><Process ToolSource="c:\program files\arcgis\desktop10.3\ArcToolbox\Toolboxes\Data Management Tools.tbx\AddField" Date="20160114" Time="144733">AddField \\GISDATA4\Client_Data\RoswellGA\EPWLGIM\LGIM.gdb\wHydrant SymbolSize_ DOUBLE # # # # NULLABLE NON_REQUIRED #</Process><Process ToolSource="c:\program files\arcgis\desktop10.3\ArcToolbox\Toolboxes\Data Management Tools.tbx\AddField" Date="20160114" Time="144742">AddField \\GISDATA4\Client_Data\RoswellGA\EPWLGIM\LGIM.gdb\wHydrant it_Edit_ LONG # # # # NULLABLE NON_REQUIRED #</Process><Process ToolSource="c:\program files\arcgis\desktop10.3\ArcToolbox\Toolboxes\Data Management Tools.tbx\AddField" Date="20160114" Time="144750">AddField \\GISDATA4\Client_Data\RoswellGA\EPWLGIM\LGIM.gdb\wHydrant idx_index_ DOUBLE # # # # NULLABLE NON_REQUIRED #</Process><Process ToolSource="c:\program files\arcgis\desktop10.3\ArcToolbox\Toolboxes\Data Management Tools.tbx\AddField" Date="20160114" Time="144757">AddField \\GISDATA4\Client_Data\RoswellGA\EPWLGIM\LGIM.gdb\wHydrant idx_code_ TEXT # # 32 # NULLABLE NON_REQUIRED #</Process><Process ToolSource="c:\program files\arcgis\desktop10.3\ArcToolbox\Toolboxes\Data Management Tools.tbx\AddField" Date="20160114" Time="144806">AddField \\GISDATA4\Client_Data\RoswellGA\EPWLGIM\LGIM.gdb\wHydrant it_GeoNm_ TEXT # # 16 # NULLABLE NON_REQUIRED #</Process><Process ToolSource="c:\program files\arcgis\desktop10.3\ArcToolbox\Toolboxes\Data Management Tools.tbx\AddField" Date="20160114" Time="144816">AddField \\GISDATA4\Client_Data\RoswellGA\EPWLGIM\LGIM.gdb\wHydrant it_GeoId_ DOUBLE # # # # NULLABLE NON_REQUIRED #</Process><Process ToolSource="c:\program files\arcgis\desktop10.3\ArcToolbox\Toolboxes\Data Management Tools.tbx\AddField" Date="20160114" Time="144823">AddField \\GISDATA4\Client_Data\RoswellGA\EPWLGIM\LGIM.gdb\wHydrant it_Status_ DOUBLE # # # # NULLABLE NON_REQUIRED #</Process><Process ToolSource="c:\program files\arcgis\desktop10.3\ArcToolbox\Toolboxes\Data Management Tools.tbx\AddField" Date="20160114" Time="144830">AddField \\GISDATA4\Client_Data\RoswellGA\EPWLGIM\LGIM.gdb\wHydrant it_STime_ DOUBLE # # # # NULLABLE NON_REQUIRED #</Process><Process ToolSource="c:\program files\arcgis\desktop10.3\ArcToolbox\Toolboxes\Data Management Tools.tbx\AddField" Date="20160114" Time="144838">AddField \\GISDATA4\Client_Data\RoswellGA\EPWLGIM\LGIM.gdb\wHydrant it_Ocp_ DOUBLE # # # # NULLABLE NON_REQUIRED #</Process><Process ToolSource="c:\program files\arcgis\desktop10.3\ArcToolbox\Toolboxes\Data Management Tools.tbx\AddField" Date="20160114" Time="144846">AddField \\GISDATA4\Client_Data\RoswellGA\EPWLGIM\LGIM.gdb\wHydrant it_Std_ DOUBLE # # # # NULLABLE NON_REQUIRED #</Process><Process ToolSource="c:\program files\arcgis\desktop10.3\ArcToolbox\Toolboxes\Data Management Tools.tbx\AddField" Date="20160114" Time="144853">AddField \\GISDATA4\Client_Data\RoswellGA\EPWLGIM\LGIM.gdb\wHydrant it_PDOP_ DOUBLE # # # # NULLABLE NON_REQUIRED #</Process><Process ToolSource="c:\program files\arcgis\desktop10.3\ArcToolbox\Toolboxes\Data Management Tools.tbx\AddField" Date="20160114" Time="144901">AddField \\GISDATA4\Client_Data\RoswellGA\EPWLGIM\LGIM.gdb\wHydrant it_AntHgt_ DOUBLE # # # # NULLABLE NON_REQUIRED #</Process><Process ToolSource="c:\program files\arcgis\desktop10.3\ArcToolbox\Toolboxes\Data Management Tools.tbx\AddField" Date="20160114" Time="144908">AddField \\GISDATA4\Client_Data\RoswellGA\EPWLGIM\LGIM.gdb\wHydrant OrZ_ DOUBLE # # # # NULLABLE NON_REQUIRED #</Process><Process ToolSource="c:\program files\arcgis\desktop10.3\ArcToolbox\Toolboxes\Data Management Tools.tbx\AddField" Date="20160114" Time="144916">AddField \\GISDATA4\Client_Data\RoswellGA\EPWLGIM\LGIM.gdb\wHydrant Zones_ TEXT # # 16 # NULLABLE NON_REQUIRED #</Process><Process ToolSource="c:\program files\arcgis\desktop10.3\ArcToolbox\Toolboxes\Data Management Tools.tbx\AddField" Date="20160114" Time="144925">AddField \\GISDATA4\Client_Data\RoswellGA\EPWLGIM\LGIM.gdb\wHydrant Address_ TEXT # # 16 # NULLABLE NON_REQUIRED #</Process><Process ToolSource="c:\program files\arcgis\desktop10.3\ArcToolbox\Toolboxes\Data Management Tools.tbx\AddField" Date="20160114" Time="144934">AddField \\GISDATA4\Client_Data\RoswellGA\EPWLGIM\LGIM.gdb\wHydrant Str_name_ TEXT # # 16 # NULLABLE NON_REQUIRED #</Process><Process ToolSource="c:\program files\arcgis\desktop10.3\ArcToolbox\Toolboxes\Data Management Tools.tbx\AddField" Date="20160114" Time="144941">AddField \\GISDATA4\Client_Data\RoswellGA\EPWLGIM\LGIM.gdb\wHydrant Str_desg_ TEXT # # 16 # NULLABLE NON_REQUIRED #</Process><Process ToolSource="c:\program files\arcgis\desktop10.3\ArcToolbox\Toolboxes\Data Management Tools.tbx\AddField" Date="20160114" Time="144949">AddField \\GISDATA4\Client_Data\RoswellGA\EPWLGIM\LGIM.gdb\wHydrant Phy_desc_ TEXT # # 16 # NULLABLE NON_REQUIRED #</Process><Process ToolSource="c:\program files\arcgis\desktop10.3\ArcToolbox\Toolboxes\Data Management Tools.tbx\AddField" Date="20160114" Time="144957">AddField \\GISDATA4\Client_Data\RoswellGA\EPWLGIM\LGIM.gdb\wHydrant Phy_des2_ TEXT # # 16 # NULLABLE NON_REQUIRED #</Process><Process ToolSource="c:\program files\arcgis\desktop10.3\ArcToolbox\Toolboxes\Data Management Tools.tbx\AddField" Date="20160114" Time="145004">AddField \\GISDATA4\Client_Data\RoswellGA\EPWLGIM\LGIM.gdb\wHydrant Hydr_Num_ TEXT # # 16 # NULLABLE NON_REQUIRED #</Process><Process ToolSource="c:\program files\arcgis\desktop10.3\ArcToolbox\Toolboxes\Data Management Tools.tbx\AddField" Date="20160114" Time="145012">AddField \\GISDATA4\Client_Data\RoswellGA\EPWLGIM\LGIM.gdb\wHydrant Old_Hydr_ TEXT # # 16 # NULLABLE NON_REQUIRED #</Process><Process ToolSource="c:\program files\arcgis\desktop10.3\ArcToolbox\Toolboxes\Data Management Tools.tbx\AddField" Date="20160114" Time="145023">AddField \\GISDATA4\Client_Data\RoswellGA\EPWLGIM\LGIM.gdb\wHydrant Outlets_ TEXT # # 16 # NULLABLE NON_REQUIRED #</Process><Process ToolSource="c:\program files\arcgis\desktop10.3\ArcToolbox\Toolboxes\Data Management Tools.tbx\AddField" Date="20160114" Time="145030">AddField \\GISDATA4\Client_Data\RoswellGA\EPWLGIM\LGIM.gdb\wHydrant Ctrl_Val_ TEXT # # 16 # NULLABLE NON_REQUIRED #</Process><Process ToolSource="c:\program files\arcgis\desktop10.3\ArcToolbox\Toolboxes\Data Management Tools.tbx\AddField" Date="20160114" Time="145037">AddField \\GISDATA4\Client_Data\RoswellGA\EPWLGIM\LGIM.gdb\wHydrant Main_Size_ TEXT # # 16 # NULLABLE NON_REQUIRED #</Process><Process ToolSource="c:\program files\arcgis\desktop10.3\ArcToolbox\Toolboxes\Data Management Tools.tbx\AddField" Date="20160114" Time="145044">AddField \\GISDATA4\Client_Data\RoswellGA\EPWLGIM\LGIM.gdb\wHydrant Ser_Codes_ TEXT # # 16 # NULLABLE NON_REQUIRED #</Process><Process ToolSource="c:\program files\arcgis\desktop10.3\ArcToolbox\Toolboxes\Data Management Tools.tbx\AddField" Date="20160114" Time="145052">AddField \\GISDATA4\Client_Data\RoswellGA\EPWLGIM\LGIM.gdb\wHydrant DateCreated_ DATE # # # # NULLABLE NON_REQUIRED #</Process><Process ToolSource="c:\program files\arcgis\desktop10.3\ArcToolbox\Toolboxes\Data Management Tools.tbx\AddField" Date="20160114" Time="145059">AddField \\GISDATA4\Client_Data\RoswellGA\EPWLGIM\LGIM.gdb\wHydrant WhoCreated_ TEXT # # 50 # NULLABLE NON_REQUIRED #</Process><Process ToolSource="c:\program files\arcgis\desktop10.3\ArcToolbox\Toolboxes\Data Management Tools.tbx\AddField" Date="20160114" Time="145109">AddField \\GISDATA4\Client_Data\RoswellGA\EPWLGIM\LGIM.gdb\wHydrant Source_ TEXT # # 80 # NULLABLE NON_REQUIRED #</Process><Process ToolSource="c:\program files\arcgis\desktop10.3\ArcToolbox\Toolboxes\Data Management Tools.tbx\AddField" Date="20160114" Time="145118">AddField \\GISDATA4\Client_Data\RoswellGA\EPWLGIM\LGIM.gdb\wHydrant POINT_X_ DOUBLE # # # # NULLABLE NON_REQUIRED #</Process><Process ToolSource="c:\program files\arcgis\desktop10.3\ArcToolbox\Toolboxes\Data Management Tools.tbx\AddField" Date="20160114" Time="145125">AddField \\GISDATA4\Client_Data\RoswellGA\EPWLGIM\LGIM.gdb\wHydrant POINT_Y_ DOUBLE # # # # NULLABLE NON_REQUIRED #</Process><Process ToolSource="c:\program files\arcgis\desktop10.3\ArcToolbox\Toolboxes\Data Management Tools.tbx\CalculateField" Date="20160118" Time="111551">CalculateField "Water Hydrants" LOCDESC "[Address_]&amp; " " &amp; [Str_name_]&amp; " " &amp; [Str_desg_]&amp; ", " &amp; [Phy_desc_]&amp; ", " &amp; [Phy_des2_]" VB #</Process><Process ToolSource="c:\program files\arcgis\desktop10.3\ArcToolbox\Toolboxes\Data Management Tools.tbx\CalculateField" Date="20160118" Time="111712">CalculateField "Water Hydrants" LOCDESC !LOCDESC!.lstrip() PYTHON_9.3 #</Process><Process ToolSource="c:\program files\arcgis\desktop10.3\ArcToolbox\Toolboxes\Data Management Tools.tbx\CalculateField" Date="20160118" Time="111752">CalculateField "Water Hydrants" LOCDESC !LOCDESC!.replace(", ,","") PYTHON_9.3 #</Process><Process ToolSource="c:\program files\arcgis\desktop10.3\ArcToolbox\Toolboxes\Data Management Tools.tbx\CalculateField" Date="20160118" Time="111808">CalculateField "Water Hydrants" LOCDESC !LOCDESC!.replace(",  ,","") PYTHON_9.3 #</Process><Process ToolSource="c:\program files\arcgis\desktop10.3\ArcToolbox\Toolboxes\Data Management Tools.tbx\CalculateField" Date="20160118" Time="111922">CalculateField "Water Hydrants" LOCDESC !LOCDESC!.rstrip(",") PYTHON_9.3 #</Process><Process ToolSource="c:\program files\arcgis\desktop10.3\ArcToolbox\Toolboxes\Data Management Tools.tbx\CalculateField" Date="20160118" Time="111951">CalculateField "Water Hydrants" LOCDESC !LOCDESC!.rstrip(',') PYTHON_9.3 #</Process><Process ToolSource="c:\program files\arcgis\desktop10.3\ArcToolbox\Toolboxes\Data Management Tools.tbx\CalculateField" Date="20160118" Time="112033">CalculateField "Water Hydrants" LOCDESC !LOCDESC!.rstrip(', ') PYTHON_9.3 #</Process><Process ToolSource="c:\program files\arcgis\desktop10.3\ArcToolbox\Toolboxes\Data Management Tools.tbx\CalculateField" Date="20160118" Time="112218">CalculateField "Water Hydrants" LOCDESC "[Address_] &amp; " " &amp; [Str_name_]&amp; " " &amp; [Str_desg_]&amp; ", " &amp; [Phy_desc_]&amp; " " &amp; [Phy_des2_]" VB #</Process><Process ToolSource="c:\program files\arcgis\desktop10.3\ArcToolbox\Toolboxes\Data Management Tools.tbx\CalculateField" Date="20160118" Time="112248">CalculateField "Water Hydrants" LOCDESC !LOCDESC!.lstrip().rstrip() PYTHON_9.3 #</Process><Process ToolSource="c:\program files\arcgis\desktop10.3\ArcToolbox\Toolboxes\Data Management Tools.tbx\CalculateField" Date="20160118" Time="112305">CalculateField "Water Hydrants" LOCDESC !LOCDESC!.rstrip(',') PYTHON_9.3 #</Process><Process Name="Enable Attachments" ToolSource="c:\program files (x86)\arcgis\desktop10.3\ArcToolbox\Toolboxes\Data Management Tools.tbx\EnableAttachments" Date="20160323" Time="101408">EnableAttachments "Database Connections\roswell_vector_LGIM_QAQC.sde\roswell_vector_LGIM.DBO.WaterDistribution\roswell_vector_LGIM.DBO.wHydrant"</Process><Process ToolSource="c:\program files (x86)\arcgis\desktop10.3\ArcToolbox\Toolboxes\Data Management Tools.tbx\CalculateField" Date="20171204" Time="205456">CalculateField wHydrant TempOut "Unknown" VB #</Process><Process ToolSource="c:\program files (x86)\arcgis\desktop10.3\ArcToolbox\Toolboxes\Data Management Tools.tbx\CalculateField" Date="20171204" Time="205927">CalculateField wHydrant TempOut "Two" VB #</Process><Process ToolSource="c:\program files (x86)\arcgis\desktop10.3\ArcToolbox\Toolboxes\Data Management Tools.tbx\CalculateField" Date="20171204" Time="211404">CalculateField wHydrant TempOut "Three" VB #</Process><Process ToolSource="c:\program files (x86)\arcgis\desktop10.3\ArcToolbox\Toolboxes\Data Management Tools.tbx\CalculateField" Date="20181003" Time="162236">CalculateField wHydrant CurrentCycle_ "[CurrentCycle_] = "1"" VB #</Process><Process ToolSource="c:\program files (x86)\arcgis\desktop10.3\ArcToolbox\Toolboxes\Data Management Tools.tbx\CalculateField" Date="20181005" Time="134900">CalculateField wHydrants CurrentCycle_ 1 VB #</Process><Process ToolSource="c:\program files (x86)\arcgis\desktop10.3\ArcToolbox\Toolboxes\Data Management Tools.tbx\CalculateField" Date="20181017" Time="161703">CalculateField "Fire Data\wHydrants" District [Zone_] VB #</Process><Process ToolSource="c:\program files (x86)\arcgis\desktop10.3\ArcToolbox\Toolboxes\Data Management Tools.tbx\CalculateField" Date="20181017" Time="172042">CalculateField "Fire Data\wHydrants" Zone_ 0 VB #</Process><Process ToolSource="c:\program files (x86)\arcgis\desktop10.3\ArcToolbox\Toolboxes\Data Management Tools.tbx\CalculateField" Date="20181017" Time="173506">CalculateField "Fire Data\wHydrants" Zone_ 1 VB #</Process><Process ToolSource="c:\program files (x86)\arcgis\desktop10.6\ArcToolbox\Toolboxes\Data Management Tools.tbx\CalculateField" Date="20210420" Time="223326">CalculateField "Hydrants (Use for Editing)" CurrentCycle_ "No" VB #</Process><Process ToolSource="c:\program files (x86)\arcgis\desktop10.6\ArcToolbox\Toolboxes\Data Management Tools.tbx\CalculateField" Date="20210420" Time="231637">CalculateField "Hydrants (Use for Editing)" CurrentCycle_ 0 VB #</Process><Process ToolSource="c:\program files (x86)\arcgis\desktop10.6\ArcToolbox\Toolboxes\Data Management Tools.tbx\CalculateField" Date="20210421" Time="162226">CalculateField "RFD\Gina's Layers (DEFAULT CONNECTION)\Hydrants (Use for Editing)" CurrentCycle_ 0 VB #</Process><Process ToolSource="c:\program files (x86)\arcgis\desktop10.6\ArcToolbox\Toolboxes\Data Management Tools.tbx\CalculateField" Date="20211215" Time="101309">CalculateField "RFD\Gina's Layers (DEFAULT CONNECTION)\Hydrants (Use for Editing)" CurrentCycle_ 1 VB #</Process><Process ToolSource="c:\program files\arcgis\pro\Resources\ArcToolbox\toolboxes\Conversion Tools.tbx\ExportFeatures" Date="20240122" Time="143711">ExportFeatures "Fire Data\wHydrant" G:\Patrick\PROJECTS\2024\240117_Jacobs_Infrastructure\data\Hydrants_240122.shp # NOT_USE_ALIAS "FACILITYID "Hydrant Number" true true false 20 Text 0 0,First,#,Fire Data\wHydrant,FACILITYID,0,20;INSTALLDATE "Install Date" true true false 8 Date 0 0,First,#,Fire Data\wHydrant,INSTALLDATE,-1,-1;LOCDESC "Location Description" true true false 600 Text 0 0,First,#,Fire Data\wHydrant,LOCDESC,0,600;ROTATION "Rotation" true true false 8 Double 8 38,First,#,Fire Data\wHydrant,ROTATION,-1,-1;MANUFACTURER "Manufacturer" true true false 30 Text 0 0,First,#,Fire Data\wHydrant,MANUFACTURER,0,30;LASTSERVICE "Last Service Date" true true false 8 Date 0 0,First,#,Fire Data\wHydrant,LASTSERVICE,-1,-1;ENABLED "Enabled" true true false 2 Short 0 5,First,#,Fire Data\wHydrant,ENABLED,-1,-1;MAINTBY "Managed By" true true false 2 Short 0 5,First,#,Fire Data\wHydrant,MAINTBY,-1,-1;LASTUPDATE "Last Update Date" true true false 8 Date 0 0,First,#,Fire Data\wHydrant,LASTUPDATE,-1,-1;LASTEDITOR "Last Editor" true true false 50 Text 0 0,First,#,Fire Data\wHydrant,LASTEDITOR,0,50;FLOW "Flow Rate (GPM)" true true false 8 Double 8 38,First,#,Fire Data\wHydrant,FLOW,-1,-1;GlobalID "Globa lID" false false true 38 Text 0 0,First,#,Fire Data\wHydrant,GlobalID,-1,-1;Zone_ "Zone" true true false 2 Short 0 5,First,#,Fire Data\wHydrant,Zone_,-1,-1;Outlets_ "Outlets" true true false 2 Short 0 5,First,#,Fire Data\wHydrant,Outlets_,-1,-1;Ctrl_Val_ "Control Valve" true true false 2 Short 0 5,First,#,Fire Data\wHydrant,Ctrl_Val_,-1,-1;SerCodes_ "Service Code" true true false 100 Text 0 0,First,#,Fire Data\wHydrant,SerCodes_,0,100;FD_Comment_ "RFD Comment" true true false 600 Text 0 0,First,#,Fire Data\wHydrant,FD_Comment_,0,600;EPW_Comment_ "EPW Comment" true true false 600 Text 0 0,First,#,Fire Data\wHydrant,EPW_Comment_,0,600;PointX_ "X Coordinate" true true false 4 Long 0 10,First,#,Fire Data\wHydrant,PointX_,-1,-1;PointY_ "Y Coordinate" true true false 4 Long 0 10,First,#,Fire Data\wHydrant,PointY_,-1,-1;Latitude_ "Latitude" true true false 50 Text 0 0,First,#,Fire Data\wHydrant,Latitude_,0,50;Longitude_ "Longitude" true true false 50 Text 0 0,First,#,Fire Data\wHydrant,Longitude_,0,50;MnfDate_ "Year Manufactured" true true false 2 Short 0 5,First,#,Fire Data\wHydrant,MnfDate_,-1,-1;Model_ "Model" true true false 50 Text 0 0,First,#,Fire Data\wHydrant,Model_,0,50;BarrelSz_ "Barrel Size (Inches)" true true false 50 Text 0 0,First,#,Fire Data\wHydrant,BarrelSz_,0,50;HydExt_ "Hydrant Extension" true true false 50 Text 0 0,First,#,Fire Data\wHydrant,HydExt_,0,50;Operable_ "Operable" true true false 50 Text 0 0,First,#,Fire Data\wHydrant,Operable_,0,50;ActiveFlag_ "Active Flag" true true false 50 Text 0 0,First,#,Fire Data\wHydrant,ActiveFlag_,0,50;OwnedBy_ "Owned By" true true false 50 Text 0 0,First,#,Fire Data\wHydrant,OwnedBy_,0,50;MainSize_ "Main Size (Inches)" true true false 50 Text 0 0,First,#,Fire Data\wHydrant,MainSize_,0,50;SerCode_ "Service Code (FD)" true true false 2 Short 0 5,First,#,Fire Data\wHydrant,SerCode_,-1,-1;TempOut "TempOut" true true false 50 Text 0 0,First,#,Fire Data\wHydrant,TempOut,0,50;SpecialNote_ "Special Note" true true false 500 Text 0 0,First,#,Fire Data\wHydrant,SpecialNote_,0,500;FollowUpDate_ "Follow-Up Date" true true false 8 Date 0 0,First,#,Fire Data\wHydrant,FollowUpDate_,-1,-1;FollowUp_ "Follow-Up" true true false 5 Text 0 0,First,#,Fire Data\wHydrant,FollowUp_,0,5;CurrentCycle_ "Current Cycle?" true true false 2 Short 0 5,First,#,Fire Data\wHydrant,CurrentCycle_,-1,-1;District "District" true true false 50 Text 0 0,First,#,Fire Data\wHydrant,District,0,50" #</Process><Process ToolSource="c:\program files\arcgis\pro\Resources\ArcToolbox\toolboxes\Data Management Tools.tbx\Rename" Date="20240122" Time="143923">Rename G:\Patrick\PROJECTS\2024\240117_Jacobs_Infrastructure\data\Hydrants_240122.shp G:\Patrick\PROJECTS\2024\240117_Jacobs_Infrastructure\data\CoR_Hydrants_240122.shp ShapeFile</Process></lineage></DataProperties><SyncDate>20240122</SyncDate><SyncTime>14370900</SyncTime><ModDate>20240122</ModDate><ModTime>14370900</ModTime><ArcGISProfile>FGDC</ArcGISProfile></Esri><idinfo><descript><abstract>Water network hydrants.</abstract></descript><keywords><theme><themekt>ESRI Data Models</themekt><themekey>WaterDistribution</themekey></theme></keywords><spdom><bounding><westbc>NaN</westbc><eastbc>NaN</eastbc><northbc>NaN</northbc><southbc>NaN</southbc></bounding></spdom></idinfo><eainfo><detailed xmlns="" Name="Hydrants_240122"><attr xmlns=""><attrlabl Sync="TRUE">SHAPE</attrlabl><attalias Sync="TRUE">Shape</attalias><attrtype Sync="TRUE">Geometry</attrtype><attwidth Sync="TRUE">0</attwidth><atprecis Sync="TRUE">0</atprecis><attscale Sync="TRUE">0</attscale><attrdef Sync="TRUE">Feature geometry.</attrdef><attrdefs Sync="TRUE">ESRI</attrdefs><attrdomv><udom Sync="TRUE">Coordinates defining the features.</udom></attrdomv></attr><attr><attrlabl Sync="TRUE">FID</attrlabl><attalias Sync="TRUE">FID</attalias><attrtype Sync="TRUE">OID</attrtype><attwidth Sync="TRUE">4</attwidth><atprecis Sync="TRUE">0</atprecis><attscale Sync="TRUE">0</attscale><attrdef Sync="TRUE">Internal feature number.</attrdef><attrdefs Sync="TRUE">Esri</attrdefs><attrdomv><udom Sync="TRUE">Sequential unique whole numbers that are automatically generated.</udom></attrdomv></attr><attr xmlns=""><attrlabl Sync="TRUE">ENABLED</attrlabl><attalias Sync="TRUE">ENABLED</attalias><attrtype Sync="TRUE">Integer</attrtype><attwidth Sync="TRUE">5</attwidth><atprecis Sync="TRUE">5</atprecis><attscale Sync="TRUE">0</attscale><attrdef Sync="TRUE">Enabled</attrdef></attr><attr xmlns=""><attrlabl Sync="TRUE">FACILITYID</attrlabl><attalias Sync="TRUE">FACILITYID</attalias><attrtype Sync="TRUE">String</attrtype><attwidth Sync="TRUE">20</attwidth><atprecis Sync="TRUE">0</atprecis><attscale Sync="TRUE">0</attscale><attrdef Sync="TRUE">Locally assigned Facility Identifier</attrdef></attr><attr><attrlabl Sync="TRUE">INSTALLDAT</attrlabl><attalias Sync="TRUE">INSTALLDAT</attalias><attrtype Sync="TRUE">Date</attrtype><attwidth Sync="TRUE">8</attwidth><atprecis Sync="TRUE">0</atprecis><attscale Sync="TRUE">0</attscale></attr><attr xmlns=""><attrlabl Sync="TRUE">LASTEDITOR</attrlabl><attalias Sync="TRUE">LASTEDITOR</attalias><attrtype Sync="TRUE">String</attrtype><attwidth Sync="TRUE">50</attwidth><atprecis Sync="TRUE">0</atprecis><attscale Sync="TRUE">0</attscale><attrdef Sync="TRUE">The user who performed the last update</attrdef></attr><attr xmlns=""><attrlabl Sync="TRUE">LASTUPDATE</attrlabl><attalias Sync="TRUE">LASTUPDATE</attalias><attrtype Sync="TRUE">Date</attrtype><attwidth Sync="TRUE">8</attwidth><atprecis Sync="TRUE">0</atprecis><attscale Sync="TRUE">0</attscale><attrdef Sync="TRUE">The date the feature was last updated in the maintenance database</attrdef></attr><attr><attrlabl Sync="TRUE">MANUFACTUR</attrlabl><attalias Sync="TRUE">MANUFACTUR</attalias><attrtype Sync="TRUE">String</attrtype><attwidth Sync="TRUE">30</attwidth><atprecis Sync="TRUE">0</atprecis><attscale Sync="TRUE">0</attscale></attr><attr><attrlabl Sync="TRUE">LASTSERVIC</attrlabl><attalias Sync="TRUE">LASTSERVIC</attalias><attrtype Sync="TRUE">Date</attrtype><attwidth Sync="TRUE">8</attwidth><atprecis Sync="TRUE">0</atprecis><attscale Sync="TRUE">0</attscale></attr><attr xmlns=""><attrlabl Sync="TRUE">LOCDESC</attrlabl><attalias Sync="TRUE">LOCDESC</attalias><attrtype Sync="TRUE">String</attrtype><attwidth Sync="TRUE">254</attwidth><atprecis Sync="TRUE">0</atprecis><attscale Sync="TRUE">0</attscale><attrdef Sync="TRUE">Text Description of the geographic location</attrdef></attr><attr xmlns=""><attrlabl Sync="TRUE">MAINTBY</attrlabl><attalias Sync="TRUE">MAINTBY</attalias><attrtype Sync="TRUE">Integer</attrtype><attwidth Sync="TRUE">5</attwidth><atprecis Sync="TRUE">5</atprecis><attscale Sync="TRUE">0</attscale><attrdef Sync="TRUE">Indicates which organization maintains the asset</attrdef></attr><attr xmlns=""><attrlabl Sync="TRUE">ROTATION</attrlabl><attalias Sync="TRUE">ROTATION</attalias><attrtype Sync="TRUE">Double</attrtype><attwidth Sync="TRUE">19</attwidth><atprecis Sync="TRUE">18</atprecis><attscale Sync="TRUE">8</attscale><attrdef Sync="TRUE">Map Symbol Rotation value</attrdef></attr><enttyp><enttypl Sync="TRUE">Hydrants_240122</enttypl><enttypt Sync="TRUE">Feature Class</enttypt><enttypc Sync="TRUE">0</enttypc></enttyp><attr><attrlabl Sync="TRUE">Ctrl_Val_</attrlabl><attalias Sync="TRUE">Ctrl_Val_</attalias><attrtype Sync="TRUE">Integer</attrtype><attwidth Sync="TRUE">5</attwidth><atprecis Sync="TRUE">5</atprecis><attscale Sync="TRUE">0</attscale></attr><attr><attrlabl Sync="TRUE">Zone_</attrlabl><attalias Sync="TRUE">Zone_</attalias><attrtype Sync="TRUE">Integer</attrtype><attwidth Sync="TRUE">5</attwidth><atprecis Sync="TRUE">5</atprecis><attscale Sync="TRUE">0</attscale></attr><attr><attrlabl Sync="TRUE">Outlets_</attrlabl><attalias Sync="TRUE">Outlets_</attalias><attrtype Sync="TRUE">Integer</attrtype><attwidth Sync="TRUE">5</attwidth><atprecis Sync="TRUE">5</atprecis><attscale Sync="TRUE">0</attscale></attr><attr xmlns=""><attrlabl Sync="TRUE">FLOW</attrlabl><attalias Sync="TRUE">FLOW</attalias><attrtype Sync="TRUE">Double</attrtype><attwidth Sync="TRUE">19</attwidth><atprecis Sync="TRUE">18</atprecis><attscale Sync="TRUE">8</attscale><attrdef>Flow Rate in gallons/minute</attrdef></attr><attr><attrlabl Sync="TRUE">SerCodes_</attrlabl><attalias Sync="TRUE">SerCodes_</attalias><attrtype Sync="TRUE">String</attrtype><attwidth Sync="TRUE">100</attwidth><atprecis Sync="TRUE">0</atprecis><attscale Sync="TRUE">0</attscale></attr><attr><attrlabl Sync="TRUE">PointX_</attrlabl><attalias Sync="TRUE">PointX_</attalias><attrtype Sync="TRUE">Integer</attrtype><attwidth Sync="TRUE">10</attwidth><atprecis Sync="TRUE">10</atprecis><attscale Sync="TRUE">0</attscale></attr><attr><attrlabl Sync="TRUE">FD_Comment</attrlabl><attalias Sync="TRUE">FD_Comment</attalias><attrtype Sync="TRUE">String</attrtype><attwidth Sync="TRUE">254</attwidth><atprecis Sync="TRUE">0</atprecis><attscale Sync="TRUE">0</attscale></attr><attr><attrlabl Sync="TRUE">EPW_Commen</attrlabl><attalias Sync="TRUE">EPW_Commen</attalias><attrtype Sync="TRUE">String</attrtype><attwidth Sync="TRUE">254</attwidth><atprecis Sync="TRUE">0</atprecis><attscale Sync="TRUE">0</attscale></attr><attr><attrlabl Sync="TRUE">PointY_</attrlabl><attalias Sync="TRUE">PointY_</attalias><attrtype Sync="TRUE">Integer</attrtype><attwidth Sync="TRUE">10</attwidth><atprecis Sync="TRUE">10</atprecis><attscale Sync="TRUE">0</attscale></attr><attr><attrlabl Sync="TRUE">Latitude_</attrlabl><attalias Sync="TRUE">Latitude_</attalias><attrtype Sync="TRUE">String</attrtype><attwidth Sync="TRUE">50</attwidth><atprecis Sync="TRUE">0</atprecis><attscale Sync="TRUE">0</attscale></attr><attr><attrlabl Sync="TRUE">Longitude_</attrlabl><attalias Sync="TRUE">Longitude_</attalias><attrtype Sync="TRUE">String</attrtype><attwidth Sync="TRUE">50</attwidth><atprecis Sync="TRUE">0</atprecis><attscale Sync="TRUE">0</attscale></attr><attr><attrlabl Sync="TRUE">MnfDate_</attrlabl><attalias Sync="TRUE">MnfDate_</attalias><attrtype Sync="TRUE">Integer</attrtype><attwidth Sync="TRUE">5</attwidth><atprecis Sync="TRUE">5</atprecis><attscale Sync="TRUE">0</attscale></attr><attr><attrlabl Sync="TRUE">Model_</attrlabl><attalias Sync="TRUE">Model_</attalias><attrtype Sync="TRUE">String</attrtype><attwidth Sync="TRUE">50</attwidth><atprecis Sync="TRUE">0</atprecis><attscale Sync="TRUE">0</attscale></attr><attr><attrlabl Sync="TRUE">BarrelSz_</attrlabl><attalias Sync="TRUE">BarrelSz_</attalias><attrtype Sync="TRUE">String</attrtype><attwidth Sync="TRUE">50</attwidth><atprecis Sync="TRUE">0</atprecis><attscale Sync="TRUE">0</attscale></attr><attr><attrlabl Sync="TRUE">HydExt_</attrlabl><attalias Sync="TRUE">HydExt_</attalias><attrtype Sync="TRUE">String</attrtype><attwidth Sync="TRUE">50</attwidth><atprecis Sync="TRUE">0</atprecis><attscale Sync="TRUE">0</attscale></attr><attr><attrlabl Sync="TRUE">Operable_</attrlabl><attalias Sync="TRUE">Operable_</attalias><attrtype Sync="TRUE">String</attrtype><attwidth Sync="TRUE">50</attwidth><atprecis Sync="TRUE">0</atprecis><attscale Sync="TRUE">0</attscale></attr><attr><attrlabl Sync="TRUE">OwnedBy_</attrlabl><attalias Sync="TRUE">OwnedBy_</attalias><attrtype Sync="TRUE">String</attrtype><attwidth Sync="TRUE">50</attwidth><atprecis Sync="TRUE">0</atprecis><attscale Sync="TRUE">0</attscale></attr><attr><attrlabl Sync="TRUE">ActiveFlag</attrlabl><attalias Sync="TRUE">ActiveFlag</attalias><attrtype Sync="TRUE">String</attrtype><attwidth Sync="TRUE">50</attwidth><atprecis Sync="TRUE">0</atprecis><attscale Sync="TRUE">0</attscale></attr><attr><attrlabl Sync="TRUE">MainSize_</attrlabl><attalias Sync="TRUE">MainSize_</attalias><attrtype Sync="TRUE">String</attrtype><attwidth Sync="TRUE">50</attwidth><atprecis Sync="TRUE">0</atprecis><attscale Sync="TRUE">0</attscale></attr><attr><attrlabl Sync="TRUE">GlobalID</attrlabl><attalias Sync="TRUE">GlobalID</attalias><attrtype Sync="TRUE">String</attrtype><attwidth Sync="TRUE">38</attwidth><atprecis Sync="TRUE">0</atprecis><attscale Sync="TRUE">0</attscale></attr><attr><attrlabl Sync="TRUE">SerCode_</attrlabl><attalias Sync="TRUE">SerCode_</attalias><attrtype Sync="TRUE">Integer</attrtype><attwidth Sync="TRUE">5</attwidth><atprecis Sync="TRUE">5</atprecis><attscale Sync="TRUE">0</attscale></attr><attr><attrlabl Sync="TRUE">TempOut</attrlabl><attalias Sync="TRUE">TempOut</attalias><attrtype Sync="TRUE">String</attrtype><attwidth Sync="TRUE">50</attwidth><atprecis Sync="TRUE">0</atprecis><attscale Sync="TRUE">0</attscale></attr><attr><attrlabl Sync="TRUE">SpecialNot</attrlabl><attalias Sync="TRUE">SpecialNot</attalias><attrtype Sync="TRUE">String</attrtype><attwidth Sync="TRUE">254</attwidth><atprecis Sync="TRUE">0</atprecis><attscale Sync="TRUE">0</attscale></attr><attr><attrlabl Sync="TRUE">FollowUpDa</attrlabl><attalias Sync="TRUE">FollowUpDa</attalias><attrtype Sync="TRUE">Date</attrtype><attwidth Sync="TRUE">8</attwidth><atprecis Sync="TRUE">0</atprecis><attscale Sync="TRUE">0</attscale></attr><attr><attrlabl Sync="TRUE">FollowUp_</attrlabl><attalias Sync="TRUE">FollowUp_</attalias><attrtype Sync="TRUE">String</attrtype><attwidth Sync="TRUE">5</attwidth><atprecis Sync="TRUE">0</atprecis><attscale Sync="TRUE">0</attscale></attr><attr><attrlabl Sync="TRUE">CurrentCyc</attrlabl><attalias Sync="TRUE">CurrentCyc</attalias><attrtype Sync="TRUE">Integer</attrtype><attwidth Sync="TRUE">5</attwidth><atprecis Sync="TRUE">5</atprecis><attscale Sync="TRUE">0</attscale></attr><attr><attrlabl Sync="TRUE">District</attrlabl><attalias Sync="TRUE">District</attalias><attrtype Sync="TRUE">String</attrtype><attwidth Sync="TRUE">50</attwidth><atprecis Sync="TRUE">0</atprecis><attscale Sync="TRUE">0</attscale></attr></detailed></eainfo><dataIdInfo><envirDesc Sync="TRUE">Microsoft Windows 10 Version 10.0 (Build 19045) ; Esri ArcGIS 13.1.3.41833</envirDesc><dataLang><languageCode value="eng" country="USA"/><countryCode value="USA" Sync="TRUE"/></dataLang><idCitation><resTitle Sync="TRUE">Hydrants_240122</resTitle><presForm><PresFormCd value="005"/></presForm></idCitation><descKeys><thesaName uuidref="723f6998-058e-11dc-8314-0800200c9a66"/><keyword Sync="TRUE">002</keyword></descKeys><spatRpType><SpatRepTypCd value="001"/></spatRpType><dataExt><geoEle><GeoBndBox esriExtentType="search"><westBL Sync="TRUE">-84.418962</westBL><eastBL Sync="TRUE">-84.265316</eastBL><northBL Sync="TRUE">34.108609</northBL><southBL Sync="TRUE">33.975413</southBL><exTypeCode Sync="TRUE">1</exTypeCode></GeoBndBox></geoEle></dataExt></dataIdInfo><mdLang><languageCode value="eng"/><countryCode value="USA" Sync="TRUE"/></mdLang><distInfo><distFormat><formatName Sync="TRUE">Shapefile</formatName></distFormat><distTranOps><transSize Sync="TRUE">0.000</transSize></distTranOps></distInfo><mdHrLv><ScopeCd value="005"/></mdHrLv><mdHrLvName Sync="TRUE">dataset</mdHrLvName><refSysInfo><RefSystem><refSysID><identCode code="0"/><idCodeSpace Sync="TRUE">EPSG</idCodeSpace><idVersion Sync="TRUE">5.3(9.0.0)</idVersion></refSysID></RefSystem></refSysInfo><spdoinfo><ptvctinf><esriterm Name="Hydrants_240122"><efeatyp Sync="TRUE">Simple</efeatyp><efeageom code="1" Sync="TRUE"></efeageom><esritopo Sync="TRUE">FALSE</esritopo><efeacnt Sync="TRUE">0</efeacnt><spindex Sync="TRUE">FALSE</spindex><linrefer Sync="TRUE">FALSE</linrefer></esriterm></ptvctinf></spdoinfo><spatRepInfo><VectSpatRep><geometObjs Name="Hydrants_240122"><geoObjTyp><GeoObjTypCd value="004" Sync="TRUE"></GeoObjTypCd></geoObjTyp><geoObjCnt Sync="TRUE">0</geoObjCnt></geometObjs><topLvl><TopoLevCd value="001" Sync="TRUE"></TopoLevCd></topLvl></VectSpatRep></spatRepInfo><mdDateSt Sync="TRUE">20240122</mdDateSt></metadata>
