<metadata xml:lang="en"><Esri><CreaDate>20160429</CreaDate><CreaTime>15125200</CreaTime><ArcGISFormat>1.0</ArcGISFormat><SyncOnce>FALSE</SyncOnce><DataProperties><itemProps><itemLocation><linkage Sync="TRUE">file://\\roswell\files\GIS\Patrick\PROJECTS\2024\240117_Jacobs_Infrastructure\data\CoR_FireResponseZones_240122.shp</linkage><protocol Sync="TRUE">Local Area Network</protocol></itemLocation><itemName Sync="TRUE">CoR_FireResponseZones_240122</itemName><imsContentType Sync="TRUE">002</imsContentType><nativeExtBox><westBL Sync="TRUE">2204455.074172</westBL><eastBL Sync="TRUE">2267733.306540</eastBL><southBL Sync="TRUE">1444597.532094</southBL><northBL Sync="TRUE">1498124.878780</northBL><exTypeCode Sync="TRUE">1</exTypeCode></nativeExtBox><itemSize Sync="TRUE">0.000</itemSize></itemProps><coordRef><type Sync="TRUE">Projected</type><geogcsn Sync="TRUE">GCS_North_American_1983</geogcsn><csUnits Sync="TRUE">Linear Unit: Foot_US (0.304801)</csUnits><projcsn Sync="TRUE">NAD_1983_StatePlane_Georgia_West_FIPS_1002_Feet</projcsn><peXml Sync="TRUE">&lt;ProjectedCoordinateSystem xsi:type='typens:ProjectedCoordinateSystem' xmlns:xsi='http://www.w3.org/2001/XMLSchema-instance' xmlns:xs='http://www.w3.org/2001/XMLSchema' xmlns:typens='http://www.esri.com/schemas/ArcGIS/3.1.0'&gt;&lt;WKT&gt;PROJCS[&amp;quot;NAD_1983_StatePlane_Georgia_West_FIPS_1002_Feet&amp;quot;,GEOGCS[&amp;quot;GCS_North_American_1983&amp;quot;,DATUM[&amp;quot;D_North_American_1983&amp;quot;,SPHEROID[&amp;quot;GRS_1980&amp;quot;,6378137.0,298.257222101]],PRIMEM[&amp;quot;Greenwich&amp;quot;,0.0],UNIT[&amp;quot;Degree&amp;quot;,0.0174532925199433]],PROJECTION[&amp;quot;Transverse_Mercator&amp;quot;],PARAMETER[&amp;quot;False_Easting&amp;quot;,2296583.333333333],PARAMETER[&amp;quot;False_Northing&amp;quot;,0.0],PARAMETER[&amp;quot;Central_Meridian&amp;quot;,-84.16666666666667],PARAMETER[&amp;quot;Scale_Factor&amp;quot;,0.9999],PARAMETER[&amp;quot;Latitude_Of_Origin&amp;quot;,30.0],UNIT[&amp;quot;Foot_US&amp;quot;,0.3048006096012192],AUTHORITY[&amp;quot;EPSG&amp;quot;,2240]]&lt;/WKT&gt;&lt;XOrigin&gt;-16150100&lt;/XOrigin&gt;&lt;YOrigin&gt;-43703500&lt;/YOrigin&gt;&lt;XYScale&gt;137255279.03396165&lt;/XYScale&gt;&lt;ZOrigin&gt;-100000&lt;/ZOrigin&gt;&lt;ZScale&gt;10000&lt;/ZScale&gt;&lt;MOrigin&gt;-100000&lt;/MOrigin&gt;&lt;MScale&gt;10000&lt;/MScale&gt;&lt;XYTolerance&gt;0.0032808333333333331&lt;/XYTolerance&gt;&lt;ZTolerance&gt;0.001&lt;/ZTolerance&gt;&lt;MTolerance&gt;0.001&lt;/MTolerance&gt;&lt;HighPrecision&gt;true&lt;/HighPrecision&gt;&lt;WKID&gt;102667&lt;/WKID&gt;&lt;LatestWKID&gt;2240&lt;/LatestWKID&gt;&lt;/ProjectedCoordinateSystem&gt;</peXml></coordRef><lineage><Process ToolSource="c:\program files\arcgis\pro\Resources\ArcToolbox\toolboxes\Data Management Tools.tbx\Append" Date="20230426" Time="111039">Append _NEW_FIRE_RESPONSE_ZONES_220526 "Fire Boundaries" "Use the field map to reconcile field differences" "DISTRICTID "District ID" true true false 10 Text 0 0,First,#,_NEW_FIRE_RESPONSE_ZONES_220526,Zone,0,50;NAME "Station Name" true true false 50 Text 0 0,First,#;AGENCY "Agency" true true false 255 Text 0 0,First,#;AGENCYURL "Website" true true false 100 Text 0 0,First,#;CONTACT "Contact Name" true true false 50 Text 0 0,First,#;PHONE "Phone" true true false 12 Text 0 0,First,#;EMAIL "Email" true true false 100 Text 0 0,First,#;SUBTYPEFIELD "Subtype Field" true true false 4 Long 0 10,First,#;LASTUPDATE "Last Update Date" true true false 8 Date 0 0,First,#;LASTEDITOR "Last Editor" true true false 50 Text 0 0,First,#" # #</Process><Process ToolSource="c:\program files\arcgis\pro\Resources\ArcToolbox\toolboxes\Conversion Tools.tbx\ExportFeatures" Date="20240122" Time="144304">ExportFeatures "Fire Data\Fire Boundaries" G:\Patrick\PROJECTS\2024\240117_Jacobs_Infrastructure\data\CoR_FireResponseZones_240122.shp # NOT_USE_ALIAS "DISTRICTID "District ID" true true false 10 Text 0 0,First,#,Fire Data\Fire Boundaries,DISTRICTID,0,10;NAME "Station Name" true true false 50 Text 0 0,First,#,Fire Data\Fire Boundaries,NAME,0,50;AGENCY "Agency" true true false 255 Text 0 0,First,#,Fire Data\Fire Boundaries,AGENCY,0,255;AGENCYURL "Website" true true false 100 Text 0 0,First,#,Fire Data\Fire Boundaries,AGENCYURL,0,100;CONTACT "Contact Name" true true false 50 Text 0 0,First,#,Fire Data\Fire Boundaries,CONTACT,0,50;PHONE "Phone" true true false 12 Text 0 0,First,#,Fire Data\Fire Boundaries,PHONE,0,12;EMAIL "Email" true true false 100 Text 0 0,First,#,Fire Data\Fire Boundaries,EMAIL,0,100;SUBTYPEFIELD "Subtype Field" true true false 4 Long 0 10,First,#,Fire Data\Fire Boundaries,SUBTYPEFIELD,-1,-1;LASTUPDATE "Last Update Date" true true false 8 Date 0 0,First,#,Fire Data\Fire Boundaries,LASTUPDATE,-1,-1;LASTEDITOR "Last Editor" true true false 50 Text 0 0,First,#,Fire Data\Fire Boundaries,LASTEDITOR,0,50" #</Process></lineage></DataProperties><SyncDate>20240122</SyncDate><SyncTime>14430300</SyncTime><ModDate>20240122</ModDate><ModTime>14430300</ModTime></Esri><dataIdInfo><envirDesc Sync="TRUE">Microsoft Windows 10 Version 10.0 (Build 19045) ; Esri ArcGIS 13.1.3.41833</envirDesc><dataLang><languageCode value="eng" Sync="TRUE"/><countryCode value="USA" Sync="TRUE"/></dataLang><idCitation><resTitle Sync="TRUE">CoR_FireResponseZones_240122</resTitle><presForm><PresFormCd value="005" Sync="TRUE"/></presForm></idCitation><spatRpType><SpatRepTypCd value="001" Sync="TRUE"/></spatRpType><dataExt><geoEle><GeoBndBox esriExtentType="search"><exTypeCode Sync="TRUE">1</exTypeCode><westBL Sync="TRUE">-84.471072</westBL><eastBL Sync="TRUE">-84.261828</eastBL><northBL Sync="TRUE">34.118306</northBL><southBL Sync="TRUE">33.970868</southBL></GeoBndBox></geoEle></dataExt></dataIdInfo><mdLang><languageCode value="eng" Sync="TRUE"/><countryCode value="USA" Sync="TRUE"/></mdLang><distInfo><distFormat><formatName Sync="TRUE">Shapefile</formatName></distFormat><distTranOps><transSize Sync="TRUE">0.000</transSize></distTranOps></distInfo><mdHrLv><ScopeCd value="005" Sync="TRUE"/></mdHrLv><mdHrLvName Sync="TRUE">dataset</mdHrLvName><refSysInfo><RefSystem><refSysID><identCode code="2240" Sync="TRUE"/><idCodeSpace Sync="TRUE">EPSG</idCodeSpace><idVersion Sync="TRUE">5.3(9.0.0)</idVersion></refSysID></RefSystem></refSysInfo><spatRepInfo><VectSpatRep><geometObjs Name="CoR_FireResponseZones_240122"><geoObjTyp><GeoObjTypCd value="002" Sync="TRUE"></GeoObjTypCd></geoObjTyp><geoObjCnt Sync="TRUE">0</geoObjCnt></geometObjs><topLvl><TopoLevCd value="001" Sync="TRUE"></TopoLevCd></topLvl></VectSpatRep></spatRepInfo><spdoinfo><ptvctinf><esriterm Name="CoR_FireResponseZones_240122"><efeatyp Sync="TRUE">Simple</efeatyp><efeageom code="4" Sync="TRUE"></efeageom><esritopo Sync="TRUE">FALSE</esritopo><efeacnt Sync="TRUE">0</efeacnt><spindex Sync="TRUE">FALSE</spindex><linrefer Sync="TRUE">FALSE</linrefer></esriterm></ptvctinf></spdoinfo><eainfo><detailed Name="CoR_FireResponseZones_240122"><enttyp><enttypl Sync="TRUE">CoR_FireResponseZones_240122</enttypl><enttypt Sync="TRUE">Feature Class</enttypt><enttypc Sync="TRUE">0</enttypc></enttyp><attr><attrlabl Sync="TRUE">DISTRICTID</attrlabl><attalias Sync="TRUE">DISTRICTID</attalias><attrtype Sync="TRUE">String</attrtype><attwidth Sync="TRUE">10</attwidth><atprecis Sync="TRUE">0</atprecis><attscale Sync="TRUE">0</attscale></attr><attr><attrlabl Sync="TRUE">NAME</attrlabl><attalias Sync="TRUE">NAME</attalias><attrtype Sync="TRUE">String</attrtype><attwidth Sync="TRUE">50</attwidth><atprecis Sync="TRUE">0</atprecis><attscale Sync="TRUE">0</attscale></attr><attr><attrlabl Sync="TRUE">AGENCY</attrlabl><attalias Sync="TRUE">AGENCY</attalias><attrtype Sync="TRUE">String</attrtype><attwidth Sync="TRUE">254</attwidth><atprecis Sync="TRUE">0</atprecis><attscale Sync="TRUE">0</attscale></attr><attr><attrlabl Sync="TRUE">AGENCYURL</attrlabl><attalias Sync="TRUE">AGENCYURL</attalias><attrtype Sync="TRUE">String</attrtype><attwidth Sync="TRUE">100</attwidth><atprecis Sync="TRUE">0</atprecis><attscale Sync="TRUE">0</attscale></attr><attr><attrlabl Sync="TRUE">CONTACT</attrlabl><attalias Sync="TRUE">CONTACT</attalias><attrtype Sync="TRUE">String</attrtype><attwidth Sync="TRUE">50</attwidth><atprecis Sync="TRUE">0</atprecis><attscale Sync="TRUE">0</attscale></attr><attr><attrlabl Sync="TRUE">PHONE</attrlabl><attalias Sync="TRUE">PHONE</attalias><attrtype Sync="TRUE">String</attrtype><attwidth Sync="TRUE">12</attwidth><atprecis Sync="TRUE">0</atprecis><attscale Sync="TRUE">0</attscale></attr><attr><attrlabl Sync="TRUE">EMAIL</attrlabl><attalias Sync="TRUE">EMAIL</attalias><attrtype Sync="TRUE">String</attrtype><attwidth Sync="TRUE">100</attwidth><atprecis Sync="TRUE">0</atprecis><attscale Sync="TRUE">0</attscale></attr><attr><attrlabl Sync="TRUE">LASTUPDATE</attrlabl><attalias Sync="TRUE">LASTUPDATE</attalias><attrtype Sync="TRUE">Date</attrtype><attwidth Sync="TRUE">8</attwidth><atprecis Sync="TRUE">0</atprecis><attscale Sync="TRUE">0</attscale></attr><attr><attrlabl Sync="TRUE">LASTEDITOR</attrlabl><attalias Sync="TRUE">LASTEDITOR</attalias><attrtype Sync="TRUE">String</attrtype><attwidth Sync="TRUE">50</attwidth><atprecis Sync="TRUE">0</atprecis><attscale Sync="TRUE">0</attscale></attr><attr><attrlabl Sync="TRUE">SHAPE</attrlabl><attalias Sync="TRUE">Shape</attalias><attrtype Sync="TRUE">Geometry</attrtype><attwidth Sync="TRUE">0</attwidth><atprecis Sync="TRUE">0</atprecis><attscale Sync="TRUE">0</attscale><attrdef Sync="TRUE">Feature geometry.</attrdef><attrdefs Sync="TRUE">Esri</attrdefs><attrdomv><udom Sync="TRUE">Coordinates defining the features.</udom></attrdomv></attr><attr><attrlabl Sync="TRUE">FID</attrlabl><attalias Sync="TRUE">FID</attalias><attrtype Sync="TRUE">OID</attrtype><attwidth Sync="TRUE">4</attwidth><atprecis Sync="TRUE">0</atprecis><attscale Sync="TRUE">0</attscale><attrdef Sync="TRUE">Internal feature number.</attrdef><attrdefs Sync="TRUE">Esri</attrdefs><attrdomv><udom Sync="TRUE">Sequential unique whole numbers that are automatically generated.</udom></attrdomv></attr><subtype><stname Sync="TRUE">Fire Service Jurisdiction</stname><stcode Sync="TRUE">0</stcode></subtype><subtype><stname Sync="TRUE">Fire Station District</stname><stcode Sync="TRUE">1</stcode></subtype><subtype><stname Sync="TRUE">EMS Service Jurisdiction</stname><stcode Sync="TRUE">2</stcode></subtype><subtype><stname Sync="TRUE">EMS Station District</stname><stcode Sync="TRUE">3</stcode></subtype><subtype><stname Sync="TRUE">Mutual Aid District</stname><stcode Sync="TRUE">4</stcode></subtype><subtype><stname Sync="TRUE">Batallion District</stname><stcode Sync="TRUE">5</stcode></subtype><subtype><stname Sync="TRUE">Inspector District</stname><stcode Sync="TRUE">6</stcode></subtype><subtype><stname Sync="TRUE">Still District</stname><stcode Sync="TRUE">7</stcode></subtype><attr><attrlabl Sync="TRUE">SUBTYPEFIE</attrlabl><attalias Sync="TRUE">SUBTYPEFIE</attalias><attrtype Sync="TRUE">Integer</attrtype><attwidth Sync="TRUE">10</attwidth><atprecis Sync="TRUE">10</atprecis><attscale Sync="TRUE">0</attscale></attr><subtype><stname Sync="TRUE">Wildlife-Urban Interface</stname><stcode Sync="TRUE">8</stcode></subtype><subtype><stname Sync="TRUE">Hydrant District</stname><stcode Sync="TRUE">9</stcode></subtype></detailed></eainfo><mdDateSt Sync="TRUE">20240122</mdDateSt></metadata>
